ETH,Address,Balance
116.511322827397155522,0xdac17f958d2ee523a2206206994597c13d831ec7,0.00000021156970122
116.511322827397155522,0xa0b86991c6218b36c1d19d4a2e9eb0ce3606eb48,0.000000061983969832
116.511322827397155522,0x58b6a8a3302369daec383334672404ee733ab239,2.064459968522800186
116.511322827397155522,0x2b591e99afe9f32eaa6214f7b7629768c40eeb39,0.00000001
116.511322827397155522,0xbbbbca6a901c926f240b89eacb641d8aec7aeafd,5
116.511322827397155522,0x61fd1c62551850d0c04c76fce614cbced0094498,0.00000001
116.511322827397155522,0x89d24a6b4ccb1b6faa2625fe562bdd9a23260359,1.1
116.511322827397155522,0xbddab785b306bcd9fb056da189615cc8ece1d823,466.688607253320430701
116.511322827397155522,0xe530441f4f73bdb6dc2fa5af7c3fc5fd551ec838,0.00000000000092
116.511322827397155522,0x4dc3643dbc642b72c158e7f3d2ff232df61cb6ce,0.1
116.511322827397155522,0x4092678e4e78230f46a1534c0fbc8fa39780892b,5
116.511322827397155522,0x4092678e4e78230f46a1534c0fbc8fa39780892b,5
116.511322827397155522,0x4c1c4957d22d8f373aed54d0853b090666f6f9de,1
116.511322827397155522,0x7b2f9706cd8473b4f5b7758b0171a9933fc6c4d6,0.000000000000000911
116.511322827397155522,0xd4de05944572d142fbf70f3f010891a35ac15188,365
116.511322827397155522,0xaf47ebbd460f21c2b3262726572ca8812d7143b0,0.000000000000000005
116.511322827397155522,0x708b63545467a9bcfb67af92299102c650e34a0e,1
116.511322827397155522,0x219b9040eb7d8d8c2e8e84b87ce9ac1c83071980,1000
116.511322827397155522,0xE4c67A5fEE1f040a048EE7Eb89eb29Aff45001a1,6
116.511322827397155522,0x2ff2b86c156583b1135c584fd940a1996fa4230b,1638654698
116.511322827397155522,0x5245789633b5d0ebd21e393c3d7ead22d5ad1517,0.000000001
116.511322827397155522,0x04ad70466a79dd1251f22ad426248088724ff32b,0.0000000000000215
116.511322827397155522,0xc12d1c73ee7dc3615ba4e37e4abfdbddfa38907e,0.0000888888
116.511322827397155522,0x916db810de68a6ea1f3ba9ada7ba87a5df3fcf58,213
116.511322827397155522,0x617a36Bd36ef8778AA1F12bC32739bFc96cb76E1,0.01
116.511322827397155522,0x82dfdb2ec1aa6003ed4acba663403d7c2127ff67,250000
116.511322827397155522,0x2ceee24f8d03fc25648c68c8e6569aa0512f6ac3,0.000298131
116.511322827397155522,0xef68e7c694f40c8202821edf525de3782458639f,5
116.511322827397155522,0x31a240648e2baf4f9f17225987f6f53fceb1699a,0.000000000000000777
116.511322827397155522,0xf230b790e05390fc8295f4d3f60332c93bed42e2,0.000000000026
116.511322827397155522,0xd3ace836e47f7cf4948dffd8ca2937494c52580c,1500
116.511322827397155522,0xdac17f958d2ee523a2206206994597c13d831ec7,0.00000021156970122
116.511322827397155522,0xa0b86991c6218b36c1d19d4a2e9eb0ce3606eb48,0.000000061983969832
116.511322827397155522,0x58b6a8a3302369daec383334672404ee733ab239,2.064459968522800186
116.511322827397155522,0x2b591e99afe9f32eaa6214f7b7629768c40eeb39,0.00000001
116.511322827397155522,0xbbbbca6a901c926f240b89eacb641d8aec7aeafd,5
116.511322827397155522,0x61fd1c62551850d0c04c76fce614cbced0094498,0.00000001
116.511322827397155522,0x89d24a6b4ccb1b6faa2625fe562bdd9a23260359,1.1
116.511322827397155522,0xbddab785b306bcd9fb056da189615cc8ece1d823,466.688607253320430701
116.511322827397155522,0xe530441f4f73bdb6dc2fa5af7c3fc5fd551ec838,0.00000000000092
116.511322827397155522,0x4dc3643dbc642b72c158e7f3d2ff232df61cb6ce,0.1
116.511322827397155522,0x4092678e4e78230f46a1534c0fbc8fa39780892b,5
116.511322827397155522,0x4092678e4e78230f46a1534c0fbc8fa39780892b,5
116.511322827397155522,0x4c1c4957d22d8f373aed54d0853b090666f6f9de,1
116.511322827397155522,0x7b2f9706cd8473b4f5b7758b0171a9933fc6c4d6,0.000000000000000911
116.511322827397155522,0xd4de05944572d142fbf70f3f010891a35ac15188,365
116.511322827397155522,0xaf47ebbd460f21c2b3262726572ca8812d7143b0,0.000000000000000005
116.511322827397155522,0x708b63545467a9bcfb67af92299102c650e34a0e,1
116.511322827397155522,0x219b9040eb7d8d8c2e8e84b87ce9ac1c83071980,1000
116.511322827397155522,0xE4c67A5fEE1f040a048EE7Eb89eb29Aff45001a1,6
116.511322827397155522,0x2ff2b86c156583b1135c584fd940a1996fa4230b,1638654780
116.511322827397155522,0x5245789633b5d0ebd21e393c3d7ead22d5ad1517,0.000000001
116.511322827397155522,0x04ad70466a79dd1251f22ad426248088724ff32b,0.0000000000000215
116.511322827397155522,0xc12d1c73ee7dc3615ba4e37e4abfdbddfa38907e,0.0000888888
116.511322827397155522,0x916db810de68a6ea1f3ba9ada7ba87a5df3fcf58,213
116.511322827397155522,0x617a36Bd36ef8778AA1F12bC32739bFc96cb76E1,0.01
116.511322827397155522,0x82dfdb2ec1aa6003ed4acba663403d7c2127ff67,250000
116.511322827397155522,0x2ceee24f8d03fc25648c68c8e6569aa0512f6ac3,0.000298131
116.511322827397155522,0xef68e7c694f40c8202821edf525de3782458639f,5
116.511322827397155522,0x31a240648e2baf4f9f17225987f6f53fceb1699a,0.000000000000000777
116.511322827397155522,0xf230b790e05390fc8295f4d3f60332c93bed42e2,0.000000000026
116.511322827397155522,0xd3ace836e47f7cf4948dffd8ca2937494c52580c,1500
116.511322827397155522,0xdac17f958d2ee523a2206206994597c13d831ec7,0.00000021156970122
116.511322827397155522,0xa0b86991c6218b36c1d19d4a2e9eb0ce3606eb48,0.000000061983969832
116.511322827397155522,0x58b6a8a3302369daec383334672404ee733ab239,2.064459968522800186
116.511322827397155522,0x2b591e99afe9f32eaa6214f7b7629768c40eeb39,0.00000001
116.511322827397155522,0xbbbbca6a901c926f240b89eacb641d8aec7aeafd,5
116.511322827397155522,0x61fd1c62551850d0c04c76fce614cbced0094498,0.00000001
116.511322827397155522,0x89d24a6b4ccb1b6faa2625fe562bdd9a23260359,1.1
116.511322827397155522,0xbddab785b306bcd9fb056da189615cc8ece1d823,466.688607253320430701
116.511322827397155522,0xe530441f4f73bdb6dc2fa5af7c3fc5fd551ec838,0.00000000000092
116.511322827397155522,0x4dc3643dbc642b72c158e7f3d2ff232df61cb6ce,0.1
116.511322827397155522,0x4092678e4e78230f46a1534c0fbc8fa39780892b,5
116.511322827397155522,0x4092678e4e78230f46a1534c0fbc8fa39780892b,5
116.511322827397155522,0x4c1c4957d22d8f373aed54d0853b090666f6f9de,1
116.511322827397155522,0x7b2f9706cd8473b4f5b7758b0171a9933fc6c4d6,0.000000000000000911
116.511322827397155522,0xd4de05944572d142fbf70f3f010891a35ac15188,365
116.511322827397155522,0xaf47ebbd460f21c2b3262726572ca8812d7143b0,0.000000000000000005
116.511322827397155522,0x708b63545467a9bcfb67af92299102c650e34a0e,1
116.511322827397155522,0x219b9040eb7d8d8c2e8e84b87ce9ac1c83071980,1000
116.511322827397155522,0xE4c67A5fEE1f040a048EE7Eb89eb29Aff45001a1,6
116.511322827397155522,0x2ff2b86c156583b1135c584fd940a1996fa4230b,1638654864
116.511322827397155522,0x5245789633b5d0ebd21e393c3d7ead22d5ad1517,0.000000001
116.511322827397155522,0x04ad70466a79dd1251f22ad426248088724ff32b,0.0000000000000215
116.511322827397155522,0xc12d1c73ee7dc3615ba4e37e4abfdbddfa38907e,0.0000888888
116.511322827397155522,0x916db810de68a6ea1f3ba9ada7ba87a5df3fcf58,213
116.511322827397155522,0x617a36Bd36ef8778AA1F12bC32739bFc96cb76E1,0.01
116.511322827397155522,0x82dfdb2ec1aa6003ed4acba663403d7c2127ff67,250000
116.511322827397155522,0x2ceee24f8d03fc25648c68c8e6569aa0512f6ac3,0.000298131
116.511322827397155522,0xef68e7c694f40c8202821edf525de3782458639f,5
116.511322827397155522,0x31a240648e2baf4f9f17225987f6f53fceb1699a,0.000000000000000777
116.511322827397155522,0xf230b790e05390fc8295f4d3f60332c93bed42e2,0.000000000026
116.511322827397155522,0xd3ace836e47f7cf4948dffd8ca2937494c52580c,1500
116.511322827397155522,0xdac17f958d2ee523a2206206994597c13d831ec7,0.00000021156970122
116.511322827397155522,0xa0b86991c6218b36c1d19d4a2e9eb0ce3606eb48,0.000000061983969832
116.511322827397155522,0x58b6a8a3302369daec383334672404ee733ab239,2.064459968522800186
116.511322827397155522,0x2b591e99afe9f32eaa6214f7b7629768c40eeb39,0.00000001
116.511322827397155522,0xbbbbca6a901c926f240b89eacb641d8aec7aeafd,5
116.511322827397155522,0x61fd1c62551850d0c04c76fce614cbced0094498,0.00000001
116.511322827397155522,0x89d24a6b4ccb1b6faa2625fe562bdd9a23260359,1.1
116.511322827397155522,0xbddab785b306bcd9fb056da189615cc8ece1d823,466.688607253320430701
116.511322827397155522,0xe530441f4f73bdb6dc2fa5af7c3fc5fd551ec838,0.00000000000092
116.511322827397155522,0x4dc3643dbc642b72c158e7f3d2ff232df61cb6ce,0.1
116.511322827397155522,0x4092678e4e78230f46a1534c0fbc8fa39780892b,5
116.511322827397155522,0x4092678e4e78230f46a1534c0fbc8fa39780892b,5
116.511322827397155522,0x4c1c4957d22d8f373aed54d0853b090666f6f9de,1
116.511322827397155522,0x7b2f9706cd8473b4f5b7758b0171a9933fc6c4d6,0.000000000000000911
116.511322827397155522,0xd4de05944572d142fbf70f3f010891a35ac15188,365
116.511322827397155522,0xaf47ebbd460f21c2b3262726572ca8812d7143b0,0.000000000000000005
116.511322827397155522,0x708b63545467a9bcfb67af92299102c650e34a0e,1
116.511322827397155522,0x219b9040eb7d8d8c2e8e84b87ce9ac1c83071980,1000
116.511322827397155522,0xE4c67A5fEE1f040a048EE7Eb89eb29Aff45001a1,6
116.511322827397155522,0x2ff2b86c156583b1135c584fd940a1996fa4230b,1638654882
116.511322827397155522,0x5245789633b5d0ebd21e393c3d7ead22d5ad1517,0.000000001
116.511322827397155522,0x04ad70466a79dd1251f22ad426248088724ff32b,0.0000000000000215
116.511322827397155522,0xc12d1c73ee7dc3615ba4e37e4abfdbddfa38907e,0.0000888888
116.511322827397155522,0x916db810de68a6ea1f3ba9ada7ba87a5df3fcf58,213
116.511322827397155522,0x617a36Bd36ef8778AA1F12bC32739bFc96cb76E1,0.01
116.511322827397155522,0x82dfdb2ec1aa6003ed4acba663403d7c2127ff67,250000
116.511322827397155522,0x2ceee24f8d03fc25648c68c8e6569aa0512f6ac3,0.000298131
116.511322827397155522,0xef68e7c694f40c8202821edf525de3782458639f,5
116.511322827397155522,0x31a240648e2baf4f9f17225987f6f53fceb1699a,0.000000000000000777
116.511322827397155522,0xf230b790e05390fc8295f4d3f60332c93bed42e2,0.000000000026
116.511322827397155522,0xd3ace836e47f7cf4948dffd8ca2937494c52580c,1500
116.511322827397155522,0xdac17f958d2ee523a2206206994597c13d831ec7,0.00000021156970122
116.511322827397155522,0xa0b86991c6218b36c1d19d4a2e9eb0ce3606eb48,0.000000061983969832
116.511322827397155522,0x58b6a8a3302369daec383334672404ee733ab239,2.064459968522800186
116.511322827397155522,0x2b591e99afe9f32eaa6214f7b7629768c40eeb39,0.00000001
116.511322827397155522,0xbbbbca6a901c926f240b89eacb641d8aec7aeafd,5
116.511322827397155522,0x61fd1c62551850d0c04c76fce614cbced0094498,0.00000001
116.511322827397155522,0x89d24a6b4ccb1b6faa2625fe562bdd9a23260359,1.1
116.511322827397155522,0xbddab785b306bcd9fb056da189615cc8ece1d823,466.688607253320430701
116.511322827397155522,0xe530441f4f73bdb6dc2fa5af7c3fc5fd551ec838,0.00000000000092
116.511322827397155522,0x4dc3643dbc642b72c158e7f3d2ff232df61cb6ce,0.1
116.511322827397155522,0x4092678e4e78230f46a1534c0fbc8fa39780892b,5
116.511322827397155522,0x4092678e4e78230f46a1534c0fbc8fa39780892b,5
116.511322827397155522,0x4c1c4957d22d8f373aed54d0853b090666f6f9de,1
116.511322827397155522,0x7b2f9706cd8473b4f5b7758b0171a9933fc6c4d6,0.000000000000000911
116.511322827397155522,0xd4de05944572d142fbf70f3f010891a35ac15188,365
116.511322827397155522,0xaf47ebbd460f21c2b3262726572ca8812d7143b0,0.000000000000000005
116.511322827397155522,0x708b63545467a9bcfb67af92299102c650e34a0e,1
116.511322827397155522,0x219b9040eb7d8d8c2e8e84b87ce9ac1c83071980,1000
116.511322827397155522,0xE4c67A5fEE1f040a048EE7Eb89eb29Aff45001a1,6
116.511322827397155522,0x2ff2b86c156583b1135c584fd940a1996fa4230b,1638654954
116.511322827397155522,0x5245789633b5d0ebd21e393c3d7ead22d5ad1517,0.000000001
116.511322827397155522,0x04ad70466a79dd1251f22ad426248088724ff32b,0.0000000000000215
116.511322827397155522,0xc12d1c73ee7dc3615ba4e37e4abfdbddfa38907e,0.0000888888
116.511322827397155522,0x916db810de68a6ea1f3ba9ada7ba87a5df3fcf58,213
116.511322827397155522,0x617a36Bd36ef8778AA1F12bC32739bFc96cb76E1,0.01
116.511322827397155522,0x82dfdb2ec1aa6003ed4acba663403d7c2127ff67,250000
116.511322827397155522,0x2ceee24f8d03fc25648c68c8e6569aa0512f6ac3,0.000298131
116.511322827397155522,0xef68e7c694f40c8202821edf525de3782458639f,5
116.511322827397155522,0x31a240648e2baf4f9f17225987f6f53fceb1699a,0.000000000000000777
116.511322827397155522,0xf230b790e05390fc8295f4d3f60332c93bed42e2,0.000000000026
116.511322827397155522,0xd3ace836e47f7cf4948dffd8ca2937494c52580c,1500
116.511322827397155522,0xdac17f958d2ee523a2206206994597c13d831ec7,0.00000021156970122
116.511322827397155522,0xa0b86991c6218b36c1d19d4a2e9eb0ce3606eb48,0.000000061983969832
116.511322827397155522,0x58b6a8a3302369daec383334672404ee733ab239,2.064459968522800186
116.511322827397155522,0x2b591e99afe9f32eaa6214f7b7629768c40eeb39,0.00000001
116.511322827397155522,0xbbbbca6a901c926f240b89eacb641d8aec7aeafd,5
116.511322827397155522,0x61fd1c62551850d0c04c76fce614cbced0094498,0.00000001
116.511322827397155522,0x89d24a6b4ccb1b6faa2625fe562bdd9a23260359,1.1
116.511322827397155522,0xbddab785b306bcd9fb056da189615cc8ece1d823,466.688607253320430701
116.511322827397155522,0xe530441f4f73bdb6dc2fa5af7c3fc5fd551ec838,0.00000000000092
116.511322827397155522,0x4dc3643dbc642b72c158e7f3d2ff232df61cb6ce,0.1
116.511322827397155522,0x4092678e4e78230f46a1534c0fbc8fa39780892b,5
116.511322827397155522,0x4092678e4e78230f46a1534c0fbc8fa39780892b,5
116.511322827397155522,0x4c1c4957d22d8f373aed54d0853b090666f6f9de,1
116.511322827397155522,0x7b2f9706cd8473b4f5b7758b0171a9933fc6c4d6,0.000000000000000911
116.511322827397155522,0xd4de05944572d142fbf70f3f010891a35ac15188,365
116.511322827397155522,0xaf47ebbd460f21c2b3262726572ca8812d7143b0,0.000000000000000005
116.511322827397155522,0x708b63545467a9bcfb67af92299102c650e34a0e,1
116.511322827397155522,0x219b9040eb7d8d8c2e8e84b87ce9ac1c83071980,1000
116.511322827397155522,0xE4c67A5fEE1f040a048EE7Eb89eb29Aff45001a1,6
116.511322827397155522,0x2ff2b86c156583b1135c584fd940a1996fa4230b,1638655024
116.511322827397155522,0x5245789633b5d0ebd21e393c3d7ead22d5ad1517,0.000000001
116.511322827397155522,0x04ad70466a79dd1251f22ad426248088724ff32b,0.0000000000000215
116.511322827397155522,0xc12d1c73ee7dc3615ba4e37e4abfdbddfa38907e,0.0000888888
116.511322827397155522,0x916db810de68a6ea1f3ba9ada7ba87a5df3fcf58,213
116.511322827397155522,0x617a36Bd36ef8778AA1F12bC32739bFc96cb76E1,0.01
116.511322827397155522,0x82dfdb2ec1aa6003ed4acba663403d7c2127ff67,250000
116.511322827397155522,0x2ceee24f8d03fc25648c68c8e6569aa0512f6ac3,0.000298131
116.511322827397155522,0xef68e7c694f40c8202821edf525de3782458639f,5
116.511322827397155522,0x31a240648e2baf4f9f17225987f6f53fceb1699a,0.000000000000000777
116.511322827397155522,0xf230b790e05390fc8295f4d3f60332c93bed42e2,0.000000000026
116.511322827397155522,0xd3ace836e47f7cf4948dffd8ca2937494c52580c,1500
116.511322827397155522,0xdac17f958d2ee523a2206206994597c13d831ec7,0.00000021156970122
116.511322827397155522,0xa0b86991c6218b36c1d19d4a2e9eb0ce3606eb48,0.000000061983969832
116.511322827397155522,0x58b6a8a3302369daec383334672404ee733ab239,2.064459968522800186
116.511322827397155522,0x2b591e99afe9f32eaa6214f7b7629768c40eeb39,0.00000001
116.511322827397155522,0xbbbbca6a901c926f240b89eacb641d8aec7aeafd,5
116.511322827397155522,0x61fd1c62551850d0c04c76fce614cbced0094498,0.00000001
116.511322827397155522,0x89d24a6b4ccb1b6faa2625fe562bdd9a23260359,1.1
116.511322827397155522,0xbddab785b306bcd9fb056da189615cc8ece1d823,466.688607253320430701
116.511322827397155522,0xe530441f4f73bdb6dc2fa5af7c3fc5fd551ec838,0.00000000000092
116.511322827397155522,0x4dc3643dbc642b72c158e7f3d2ff232df61cb6ce,0.1
116.511322827397155522,0x4092678e4e78230f46a1534c0fbc8fa39780892b,5
116.511322827397155522,0x4092678e4e78230f46a1534c0fbc8fa39780892b,5
116.511322827397155522,0x4c1c4957d22d8f373aed54d0853b090666f6f9de,1
116.511322827397155522,0x7b2f9706cd8473b4f5b7758b0171a9933fc6c4d6,0.000000000000000911
116.511322827397155522,0xd4de05944572d142fbf70f3f010891a35ac15188,365
116.511322827397155522,0xaf47ebbd460f21c2b3262726572ca8812d7143b0,0.000000000000000005
116.511322827397155522,0x708b63545467a9bcfb67af92299102c650e34a0e,1
116.511322827397155522,0x219b9040eb7d8d8c2e8e84b87ce9ac1c83071980,1000
116.511322827397155522,0xE4c67A5fEE1f040a048EE7Eb89eb29Aff45001a1,6
116.511322827397155522,0x2ff2b86c156583b1135c584fd940a1996fa4230b,1638655061
116.511322827397155522,0x5245789633b5d0ebd21e393c3d7ead22d5ad1517,0.000000001
116.511322827397155522,0x04ad70466a79dd1251f22ad426248088724ff32b,0.0000000000000215
116.511322827397155522,0xc12d1c73ee7dc3615ba4e37e4abfdbddfa38907e,0.0000888888
116.511322827397155522,0x916db810de68a6ea1f3ba9ada7ba87a5df3fcf58,213
116.511322827397155522,0x617a36Bd36ef8778AA1F12bC32739bFc96cb76E1,0.01
116.511322827397155522,0x82dfdb2ec1aa6003ed4acba663403d7c2127ff67,250000
116.511322827397155522,0x2ceee24f8d03fc25648c68c8e6569aa0512f6ac3,0.000298131
116.511322827397155522,0xef68e7c694f40c8202821edf525de3782458639f,5
116.511322827397155522,0x31a240648e2baf4f9f17225987f6f53fceb1699a,0.000000000000000777
116.511322827397155522,0xf230b790e05390fc8295f4d3f60332c93bed42e2,0.000000000026
116.511322827397155522,0xd3ace836e47f7cf4948dffd8ca2937494c52580c,1500
116.511322827397155522,0xdac17f958d2ee523a2206206994597c13d831ec7,0.00000021156970122
116.511322827397155522,0xa0b86991c6218b36c1d19d4a2e9eb0ce3606eb48,0.000000061983969832
116.511322827397155522,0x58b6a8a3302369daec383334672404ee733ab239,2.064459968522800186
116.511322827397155522,0x2b591e99afe9f32eaa6214f7b7629768c40eeb39,0.00000001
116.511322827397155522,0xbbbbca6a901c926f240b89eacb641d8aec7aeafd,5
116.511322827397155522,0x61fd1c62551850d0c04c76fce614cbced0094498,0.00000001
116.511322827397155522,0x89d24a6b4ccb1b6faa2625fe562bdd9a23260359,1.1
116.511322827397155522,0xbddab785b306bcd9fb056da189615cc8ece1d823,466.688607253320430701
116.511322827397155522,0xe530441f4f73bdb6dc2fa5af7c3fc5fd551ec838,0.00000000000092
116.511322827397155522,0x4dc3643dbc642b72c158e7f3d2ff232df61cb6ce,0.1
116.511322827397155522,0x4092678e4e78230f46a1534c0fbc8fa39780892b,5
116.511322827397155522,0x4092678e4e78230f46a1534c0fbc8fa39780892b,5
116.511322827397155522,0x4c1c4957d22d8f373aed54d0853b090666f6f9de,1
116.511322827397155522,0x7b2f9706cd8473b4f5b7758b0171a9933fc6c4d6,0.000000000000000911
116.511322827397155522,0xd4de05944572d142fbf70f3f010891a35ac15188,365
116.511322827397155522,0xaf47ebbd460f21c2b3262726572ca8812d7143b0,0.000000000000000005
116.511322827397155522,0x708b63545467a9bcfb67af92299102c650e34a0e,1
116.511322827397155522,0x219b9040eb7d8d8c2e8e84b87ce9ac1c83071980,1000
116.511322827397155522,0xE4c67A5fEE1f040a048EE7Eb89eb29Aff45001a1,6
116.511322827397155522,0x2ff2b86c156583b1135c584fd940a1996fa4230b,1638655165
116.511322827397155522,0x5245789633b5d0ebd21e393c3d7ead22d5ad1517,0.000000001
116.511322827397155522,0x04ad70466a79dd1251f22ad426248088724ff32b,0.0000000000000215
116.511322827397155522,0xc12d1c73ee7dc3615ba4e37e4abfdbddfa38907e,0.0000888888
116.511322827397155522,0x916db810de68a6ea1f3ba9ada7ba87a5df3fcf58,213
116.511322827397155522,0x617a36Bd36ef8778AA1F12bC32739bFc96cb76E1,0.01
116.511322827397155522,0x82dfdb2ec1aa6003ed4acba663403d7c2127ff67,250000
116.511322827397155522,0x2ceee24f8d03fc25648c68c8e6569aa0512f6ac3,0.000298131
116.511322827397155522,0xef68e7c694f40c8202821edf525de3782458639f,5
116.511322827397155522,0x31a240648e2baf4f9f17225987f6f53fceb1699a,0.000000000000000777
116.511322827397155522,0xf230b790e05390fc8295f4d3f60332c93bed42e2,0.000000000026
116.511322827397155522,0xd3ace836e47f7cf4948dffd8ca2937494c52580c,1500